{"cameraMode":{"drawMode":0,"name":"Shaded","section":"Shading Mode"},"sceneLighting":true,"audioPlay":false,"sceneViewState":{"m_AlwaysRefresh":false,"showFog":true,"showSkybox":true,"showFlares":true,"showImageEffects":true,"showParticleSystems":true,"showVisualEffectGraphs":true,"m_FxEnabled":true},"in2DMode":false,"pivot":{"x":21.912872314453126,"y":9.457008361816407,"z":-4.727803707122803},"rotation":{"x":0.04559393972158432,"y":-0.00449648080393672,"z":0.00027577608125284314,"w":0.9989553093910217},"size":0.8660253882408142,"orthographic":false}